"name","length","integrity","orientation","TSD","Chr","start","end","forwardTIR","reverseTIR","forwardTIR_Identified","reverseTIR_Identified","Search_ID","identified"
"Pack-CACTA1a","2,163","complete","reverse","CAC","NC_003075.7 Arabidopsis thaliana chromosome 4 sequence",4358131,4360293,"CACTACAACAAATATCCACATTCTTA","CACTACAACAAATATCCACATTAATA",TRUE,TRUE,1,TRUE
"Pack-CACTA1b","2,266","complete","reverse","TAT","NC_003074.8 Arabidopsis thaliana chromosome 3 sequence",14082296,14084561,"CACTACAACAAATATCCACATTCTTA","CACTACAACAAATATCCACATTAATA",TRUE,TRUE,1,TRUE
"Pack-CACTA1c","1,444","complete","forward","ATA","NC_003071.7 Arabidopsis thaliana chromosome 2 sequence",4646009,4647452,"CACTACAAAAAAAGTCTACATTGATA","CACTACAAGAAATATTGACATTGTTA",FALSE,TRUE,1,FALSE
"Pack-CACTA1d","1,005","partial","reverse","CAT","NC_003074.8 Arabidopsis thaliana chromosome 3 sequence",11693095,11694099,"TCACAATACAGTCGCATATTTACGAC","CACTACAAGAAATATGAGTATTGATA",FALSE,TRUE,1,FALSE
"Pack-CACTA1e","1,004","partial","reverse","GCA","NC_003074.8 Arabidopsis thaliana chromosome 3 sequence",15737614,15738617,"CACTACAAGAAATATCTACATTATTA","GATGATGGATACAAGCAATGGTCTTG",TRUE,FALSE,1,FALSE
"Pack-CACTA2a","2,945","insertion","reverse","TGG","NC_003074.8 Arabidopsis thaliana chromosome 3 sequence",15283666,15286610,"CACTACAAGAAATATCCACATTGTTA","CACTACAAGAAATATCTACATTGATA",TRUE,TRUE,1,FALSE
"Pack-CACTA2b","486","complete","forward","AAT","NC_003076.8 Arabidopsis thaliana chromosome 5 sequence",12732066,12732551,"CACTAGAAATCTATATTTTCTGTTAT","CACTACAAAAAATATCTACATTATTA",FALSE,TRUE,1,FALSE
"Pack-CACTA3","2,583","complete","forward","AAT","NC_003075.7 Arabidopsis thaliana chromosome 4 sequence",4309698,4312280,"CACTACAAGAAATATGAACATTATTA","CACTACAAAAAATATGGACGCTCTTA",TRUE,TRUE,1,TRUE
"Pack-CACTA4a","2,475","complete","forward","TTA","NC_003076.8 Arabidopsis thaliana chromosome 5 sequence",20579974,20582448,"CACTACAAGAAATATGGATATTGATA","CACTACAAGAAATATGGACATTCTTA",TRUE,TRUE,1,TRUE
"Pack-CACTA4b","2,475","complete","forward","TTA","NC_003076.8 Arabidopsis thaliana chromosome 5 sequence",20613316,20615790,"CACTACAAGAAATATGGATATTGATA","CACTACAAGAAATATGGACATTCTTA",TRUE,TRUE,1,TRUE
"Pack-CACTA1a","2,163","complete","reverse","CAC","NC_003075.7 Arabidopsis thaliana chromosome 4 sequence",4358131,4360293,"CACTACAACAAATATCCACATTCTTA","CACTACAACAAATATCCACATTAATA",TRUE,TRUE,2,TRUE
"Pack-CACTA1b","2,266","complete","reverse","TAT","NC_003074.8 Arabidopsis thaliana chromosome 3 sequence",14082296,14084561,"CACTACAACAAATATCCACATTCTTA","CACTACAACAAATATCCACATTAATA",TRUE,TRUE,2,TRUE
"Pack-CACTA1c","1,444","complete","forward","ATA","NC_003071.7 Arabidopsis thaliana chromosome 2 sequence",4646009,4647452,"CACTACAAAAAAAGTCTACATTGATA","CACTACAAGAAATATTGACATTGTTA",FALSE,TRUE,2,FALSE
"Pack-CACTA1d","1,005","partial","reverse","CAT","NC_003074.8 Arabidopsis thaliana chromosome 3 sequence",11693095,11694099,"TCACAATACAGTCGCATATTTACGAC","CACTACAAGAAATATGAGTATTGATA",FALSE,TRUE,2,FALSE
"Pack-CACTA1e","1,004","partial","reverse","GCA","NC_003074.8 Arabidopsis thaliana chromosome 3 sequence",15737614,15738617,"CACTACAAGAAATATCTACATTATTA","GATGATGGATACAAGCAATGGTCTTG",TRUE,FALSE,2,FALSE
"Pack-CACTA2a","2,945","insertion","reverse","TGG","NC_003074.8 Arabidopsis thaliana chromosome 3 sequence",15283666,15286610,"CACTACAAGAAATATCCACATTGTTA","CACTACAAGAAATATCTACATTGATA",TRUE,TRUE,2,FALSE
"Pack-CACTA2b","486","complete","forward","AAT","NC_003076.8 Arabidopsis thaliana chromosome 5 sequence",12732066,12732551,"CACTAGAAATCTATATTTTCTGTTAT","CACTACAAAAAATATCTACATTATTA",FALSE,TRUE,2,FALSE
"Pack-CACTA3","2,583","complete","forward","AAT","NC_003075.7 Arabidopsis thaliana chromosome 4 sequence",4309698,4312280,"CACTACAAGAAATATGAACATTATTA","CACTACAAAAAATATGGACGCTCTTA",TRUE,TRUE,2,TRUE
"Pack-CACTA4a","2,475","complete","forward","TTA","NC_003076.8 Arabidopsis thaliana chromosome 5 sequence",20579974,20582448,"CACTACAAGAAATATGGATATTGATA","CACTACAAGAAATATGGACATTCTTA",TRUE,TRUE,2,TRUE
"Pack-CACTA4b","2,475","complete","forward","TTA","NC_003076.8 Arabidopsis thaliana chromosome 5 sequence",20613316,20615790,"CACTACAAGAAATATGGATATTGATA","CACTACAAGAAATATGGACATTCTTA",TRUE,TRUE,2,TRUE
"Pack-CACTA1a","2,163","complete","reverse","CAC","NC_003075.7 Arabidopsis thaliana chromosome 4 sequence",4358131,4360293,"CACTACAACAAATATCCACATTCTTA","CACTACAACAAATATCCACATTAATA",TRUE,TRUE,3,TRUE
"Pack-CACTA1b","2,266","complete","reverse","TAT","NC_003074.8 Arabidopsis thaliana chromosome 3 sequence",14082296,14084561,"CACTACAACAAATATCCACATTCTTA","CACTACAACAAATATCCACATTAATA",TRUE,TRUE,3,TRUE
"Pack-CACTA1c","1,444","complete","forward","ATA","NC_003071.7 Arabidopsis thaliana chromosome 2 sequence",4646009,4647452,"CACTACAAAAAAAGTCTACATTGATA","CACTACAAGAAATATTGACATTGTTA",TRUE,TRUE,3,TRUE
"Pack-CACTA1d","1,005","partial","reverse","CAT","NC_003074.8 Arabidopsis thaliana chromosome 3 sequence",11693095,11694099,"TCACAATACAGTCGCATATTTACGAC","CACTACAAGAAATATGAGTATTGATA",FALSE,TRUE,3,FALSE
"Pack-CACTA1e","1,004","partial","reverse","GCA","NC_003074.8 Arabidopsis thaliana chromosome 3 sequence",15737614,15738617,"CACTACAAGAAATATCTACATTATTA","GATGATGGATACAAGCAATGGTCTTG",TRUE,FALSE,3,FALSE
"Pack-CACTA2a","2,945","insertion","reverse","TGG","NC_003074.8 Arabidopsis thaliana chromosome 3 sequence",15283666,15286610,"CACTACAAGAAATATCCACATTGTTA","CACTACAAGAAATATCTACATTGATA",TRUE,TRUE,3,FALSE
"Pack-CACTA2b","486","complete","forward","AAT","NC_003076.8 Arabidopsis thaliana chromosome 5 sequence",12732066,12732551,"CACTAGAAATCTATATTTTCTGTTAT","CACTACAAAAAATATCTACATTATTA",FALSE,TRUE,3,FALSE
"Pack-CACTA3","2,583","complete","forward","AAT","NC_003075.7 Arabidopsis thaliana chromosome 4 sequence",4309698,4312280,"CACTACAAGAAATATGAACATTATTA","CACTACAAAAAATATGGACGCTCTTA",TRUE,TRUE,3,TRUE
"Pack-CACTA4a","2,475","complete","forward","TTA","NC_003076.8 Arabidopsis thaliana chromosome 5 sequence",20579974,20582448,"CACTACAAGAAATATGGATATTGATA","CACTACAAGAAATATGGACATTCTTA",TRUE,TRUE,3,TRUE
"Pack-CACTA4b","2,475","complete","forward","TTA","NC_003076.8 Arabidopsis thaliana chromosome 5 sequence",20613316,20615790,"CACTACAAGAAATATGGATATTGATA","CACTACAAGAAATATGGACATTCTTA",TRUE,TRUE,3,TRUE
"Pack-CACTA1a","2,163","complete","reverse","CAC","NC_003075.7 Arabidopsis thaliana chromosome 4 sequence",4358131,4360293,"CACTACAACAAATATCCACATTCTTA","CACTACAACAAATATCCACATTAATA",TRUE,TRUE,4,TRUE
"Pack-CACTA1b","2,266","complete","reverse","TAT","NC_003074.8 Arabidopsis thaliana chromosome 3 sequence",14082296,14084561,"CACTACAACAAATATCCACATTCTTA","CACTACAACAAATATCCACATTAATA",TRUE,TRUE,4,TRUE
"Pack-CACTA1c","1,444","complete","forward","ATA","NC_003071.7 Arabidopsis thaliana chromosome 2 sequence",4646009,4647452,"CACTACAAAAAAAGTCTACATTGATA","CACTACAAGAAATATTGACATTGTTA",FALSE,TRUE,4,FALSE
"Pack-CACTA1d","1,005","partial","reverse","CAT","NC_003074.8 Arabidopsis thaliana chromosome 3 sequence",11693095,11694099,"TCACAATACAGTCGCATATTTACGAC","CACTACAAGAAATATGAGTATTGATA",FALSE,TRUE,4,FALSE
"Pack-CACTA1e","1,004","partial","reverse","GCA","NC_003074.8 Arabidopsis thaliana chromosome 3 sequence",15737614,15738617,"CACTACAAGAAATATCTACATTATTA","GATGATGGATACAAGCAATGGTCTTG",TRUE,FALSE,4,FALSE
"Pack-CACTA2a","2,945","insertion","reverse","TGG","NC_003074.8 Arabidopsis thaliana chromosome 3 sequence",15283666,15286610,"CACTACAAGAAATATCCACATTGTTA","CACTACAAGAAATATCTACATTGATA",TRUE,TRUE,4,FALSE
"Pack-CACTA2b","486","complete","forward","AAT","NC_003076.8 Arabidopsis thaliana chromosome 5 sequence",12732066,12732551,"CACTAGAAATCTATATTTTCTGTTAT","CACTACAAAAAATATCTACATTATTA",FALSE,TRUE,4,FALSE
"Pack-CACTA3","2,583","complete","forward","AAT","NC_003075.7 Arabidopsis thaliana chromosome 4 sequence",4309698,4312280,"CACTACAAGAAATATGAACATTATTA","CACTACAAAAAATATGGACGCTCTTA",TRUE,TRUE,4,TRUE
"Pack-CACTA4a","2,475","complete","forward","TTA","NC_003076.8 Arabidopsis thaliana chromosome 5 sequence",20579974,20582448,"CACTACAAGAAATATGGATATTGATA","CACTACAAGAAATATGGACATTCTTA",TRUE,TRUE,4,TRUE
"Pack-CACTA4b","2,475","complete","forward","TTA","NC_003076.8 Arabidopsis thaliana chromosome 5 sequence",20613316,20615790,"CACTACAAGAAATATGGATATTGATA","CACTACAAGAAATATGGACATTCTTA",TRUE,TRUE,4,TRUE
"Pack-CACTA1a","2,163","complete","reverse","CAC","NC_003075.7 Arabidopsis thaliana chromosome 4 sequence",4358131,4360293,"CACTACAACAAATATCCACATTCTTA","CACTACAACAAATATCCACATTAATA",TRUE,TRUE,5,TRUE
"Pack-CACTA1b","2,266","complete","reverse","TAT","NC_003074.8 Arabidopsis thaliana chromosome 3 sequence",14082296,14084561,"CACTACAACAAATATCCACATTCTTA","CACTACAACAAATATCCACATTAATA",TRUE,TRUE,5,TRUE
"Pack-CACTA1c","1,444","complete","forward","ATA","NC_003071.7 Arabidopsis thaliana chromosome 2 sequence",4646009,4647452,"CACTACAAAAAAAGTCTACATTGATA","CACTACAAGAAATATTGACATTGTTA",TRUE,TRUE,5,TRUE
"Pack-CACTA1d","1,005","partial","reverse","CAT","NC_003074.8 Arabidopsis thaliana chromosome 3 sequence",11693095,11694099,"TCACAATACAGTCGCATATTTACGAC","CACTACAAGAAATATGAGTATTGATA",FALSE,TRUE,5,FALSE
"Pack-CACTA1e","1,004","partial","reverse","GCA","NC_003074.8 Arabidopsis thaliana chromosome 3 sequence",15737614,15738617,"CACTACAAGAAATATCTACATTATTA","GATGATGGATACAAGCAATGGTCTTG",TRUE,FALSE,5,FALSE
"Pack-CACTA2a","2,945","insertion","reverse","TGG","NC_003074.8 Arabidopsis thaliana chromosome 3 sequence",15283666,15286610,"CACTACAAGAAATATCCACATTGTTA","CACTACAAGAAATATCTACATTGATA",TRUE,TRUE,5,FALSE
"Pack-CACTA2b","486","complete","forward","AAT","NC_003076.8 Arabidopsis thaliana chromosome 5 sequence",12732066,12732551,"CACTAGAAATCTATATTTTCTGTTAT","CACTACAAAAAATATCTACATTATTA",FALSE,TRUE,5,FALSE
"Pack-CACTA3","2,583","complete","forward","AAT","NC_003075.7 Arabidopsis thaliana chromosome 4 sequence",4309698,4312280,"CACTACAAGAAATATGAACATTATTA","CACTACAAAAAATATGGACGCTCTTA",TRUE,TRUE,5,TRUE
"Pack-CACTA4a","2,475","complete","forward","TTA","NC_003076.8 Arabidopsis thaliana chromosome 5 sequence",20579974,20582448,"CACTACAAGAAATATGGATATTGATA","CACTACAAGAAATATGGACATTCTTA",TRUE,TRUE,5,TRUE
"Pack-CACTA4b","2,475","complete","forward","TTA","NC_003076.8 Arabidopsis thaliana chromosome 5 sequence",20613316,20615790,"CACTACAAGAAATATGGATATTGATA","CACTACAAGAAATATGGACATTCTTA",TRUE,TRUE,5,TRUE
"Pack-CACTA1a","2,163","complete","reverse","CAC","NC_003075.7 Arabidopsis thaliana chromosome 4 sequence",4358131,4360293,"CACTACAACAAATATCCACATTCTTA","CACTACAACAAATATCCACATTAATA",TRUE,TRUE,6,TRUE
"Pack-CACTA1b","2,266","complete","reverse","TAT","NC_003074.8 Arabidopsis thaliana chromosome 3 sequence",14082296,14084561,"CACTACAACAAATATCCACATTCTTA","CACTACAACAAATATCCACATTAATA",TRUE,TRUE,6,TRUE
"Pack-CACTA1c","1,444","complete","forward","ATA","NC_003071.7 Arabidopsis thaliana chromosome 2 sequence",4646009,4647452,"CACTACAAAAAAAGTCTACATTGATA","CACTACAAGAAATATTGACATTGTTA",TRUE,TRUE,6,TRUE
"Pack-CACTA1d","1,005","partial","reverse","CAT","NC_003074.8 Arabidopsis thaliana chromosome 3 sequence",11693095,11694099,"TCACAATACAGTCGCATATTTACGAC","CACTACAAGAAATATGAGTATTGATA",FALSE,TRUE,6,FALSE
"Pack-CACTA1e","1,004","partial","reverse","GCA","NC_003074.8 Arabidopsis thaliana chromosome 3 sequence",15737614,15738617,"CACTACAAGAAATATCTACATTATTA","GATGATGGATACAAGCAATGGTCTTG",TRUE,FALSE,6,FALSE
"Pack-CACTA2a","2,945","insertion","reverse","TGG","NC_003074.8 Arabidopsis thaliana chromosome 3 sequence",15283666,15286610,"CACTACAAGAAATATCCACATTGTTA","CACTACAAGAAATATCTACATTGATA",TRUE,TRUE,6,FALSE
"Pack-CACTA2b","486","complete","forward","AAT","NC_003076.8 Arabidopsis thaliana chromosome 5 sequence",12732066,12732551,"CACTAGAAATCTATATTTTCTGTTAT","CACTACAAAAAATATCTACATTATTA",TRUE,TRUE,6,TRUE
"Pack-CACTA3","2,583","complete","forward","AAT","NC_003075.7 Arabidopsis thaliana chromosome 4 sequence",4309698,4312280,"CACTACAAGAAATATGAACATTATTA","CACTACAAAAAATATGGACGCTCTTA",TRUE,TRUE,6,TRUE
"Pack-CACTA4a","2,475","complete","forward","TTA","NC_003076.8 Arabidopsis thaliana chromosome 5 sequence",20579974,20582448,"CACTACAAGAAATATGGATATTGATA","CACTACAAGAAATATGGACATTCTTA",TRUE,TRUE,6,TRUE
"Pack-CACTA4b","2,475","complete","forward","TTA","NC_003076.8 Arabidopsis thaliana chromosome 5 sequence",20613316,20615790,"CACTACAAGAAATATGGATATTGATA","CACTACAAGAAATATGGACATTCTTA",TRUE,TRUE,6,TRUE
"Pack-CACTA1a","2,163","complete","reverse","CAC","NC_003075.7 Arabidopsis thaliana chromosome 4 sequence",4358131,4360293,"CACTACAACAAATATCCACATTCTTA","CACTACAACAAATATCCACATTAATA",TRUE,TRUE,7,TRUE
"Pack-CACTA1b","2,266","complete","reverse","TAT","NC_003074.8 Arabidopsis thaliana chromosome 3 sequence",14082296,14084561,"CACTACAACAAATATCCACATTCTTA","CACTACAACAAATATCCACATTAATA",TRUE,TRUE,7,TRUE
"Pack-CACTA1c","1,444","complete","forward","ATA","NC_003071.7 Arabidopsis thaliana chromosome 2 sequence",4646009,4647452,"CACTACAAAAAAAGTCTACATTGATA","CACTACAAGAAATATTGACATTGTTA",TRUE,TRUE,7,TRUE
"Pack-CACTA1d","1,005","partial","reverse","CAT","NC_003074.8 Arabidopsis thaliana chromosome 3 sequence",11693095,11694099,"TCACAATACAGTCGCATATTTACGAC","CACTACAAGAAATATGAGTATTGATA",FALSE,TRUE,7,FALSE
"Pack-CACTA1e","1,004","partial","reverse","GCA","NC_003074.8 Arabidopsis thaliana chromosome 3 sequence",15737614,15738617,"CACTACAAGAAATATCTACATTATTA","GATGATGGATACAAGCAATGGTCTTG",TRUE,FALSE,7,FALSE
"Pack-CACTA2a","2,945","insertion","reverse","TGG","NC_003074.8 Arabidopsis thaliana chromosome 3 sequence",15283666,15286610,"CACTACAAGAAATATCCACATTGTTA","CACTACAAGAAATATCTACATTGATA",TRUE,TRUE,7,FALSE
"Pack-CACTA2b","486","complete","forward","AAT","NC_003076.8 Arabidopsis thaliana chromosome 5 sequence",12732066,12732551,"CACTAGAAATCTATATTTTCTGTTAT","CACTACAAAAAATATCTACATTATTA",FALSE,TRUE,7,FALSE
"Pack-CACTA3","2,583","complete","forward","AAT","NC_003075.7 Arabidopsis thaliana chromosome 4 sequence",4309698,4312280,"CACTACAAGAAATATGAACATTATTA","CACTACAAAAAATATGGACGCTCTTA",TRUE,TRUE,7,TRUE
"Pack-CACTA4a","2,475","complete","forward","TTA","NC_003076.8 Arabidopsis thaliana chromosome 5 sequence",20579974,20582448,"CACTACAAGAAATATGGATATTGATA","CACTACAAGAAATATGGACATTCTTA",TRUE,TRUE,7,TRUE
"Pack-CACTA4b","2,475","complete","forward","TTA","NC_003076.8 Arabidopsis thaliana chromosome 5 sequence",20613316,20615790,"CACTACAAGAAATATGGATATTGATA","CACTACAAGAAATATGGACATTCTTA",TRUE,TRUE,7,TRUE
