name;length;integrity;orientation;TSD;Chr;start;end;TAIR10 annotations;blast best hits;mobilization
Pack-CACTA1a;2163;complete;reverse;CAC;4;4358131;4360293;AT4G07526, AT4TE18510, AT4TE18505;AT4G16807;epi01, epi24, epi26, epi36, epi46, epi68
Pack-CACTA1b;2266;complete;reverse;TAT;3;14082296;14084561;AT3G33528, AT3TE57720, AT3TE57715;AT4G16807;
Pack-CACTA1c;1444;complete;forward;ATA;2;4646009;4647452;AT2TE19280, AT2TE19285 ;AT4G16807;
Pack-CACTA1d;1005;partial;reverse;CAT*;3;11693095;11694099;AT3G29790, AT3TE48570, AT3TE48565, AT3TE48560;AT4G16807;
Pack-CACTA1e;1004;partial;reverse;GCA*;3;15737614;15738617;AT3G43880, AT3TE63620, AT3TE63615, AT3TE63610, AT3TE6305;AT4G16807;
Pack-CACTA2a;2945;complete;reverse;TGG**;3;15283666;15286610;AT3G43340, AT3G43350, AT3TE62130, AT3TE62120;AT2G39140;epi26
Pack-CACTA2b;486;complete;forward;AAT;5;12732066;12732551;AT5TE45025;;
Pack-CACTA3;2583;complete;forward;AAT;4;4309698;4312280;AT4G07507, AT4TE18390, AT4TE18395, AT4TE18405;;
Pack-CACTA4a;2475;complete;forward;TTA;5;20579974;20582448;AT5G50565, AT5TE74135;AT2G41500, AT2G46320, AT2G44770;
Pack-CACTA4b;2475;complete;forward;TTA;5;20613316;20615790;AT5G50665, AT5TE74250, AT5TE74255;AT2G41500, AT2G46320, AT2G44770;
