"seqnames","start","end","width","strand","TSD","forward_TIR","reverse_TIR","stringID"
"BASO01002220.1 Arabidopsis halleri subsp. gemmifera DNA, contig: scaffold2220, whole genome shotgun sequence",40490,43037,2547,"*","TTA","CACTACAAGAAATATGGATATTGATA","CACTACAAGAAATATGGATATTCTTA",1
"BASO01002628.1 Arabidopsis halleri subsp. gemmifera DNA, contig: scaffold2628, whole genome shotgun sequence",1585,3209,1624,"*","TAA","CACTACAAGAAATATCTACATTATTA","CACTACAAGAAATATCCACATTGATA",1
"BASO01003177.1 Arabidopsis halleri subsp. gemmifera DNA, contig: scaffold3177, whole genome shotgun sequence",15151,18433,3282,"*","TTT","CACTACAAGAAATATCTACATTGTTA","CACTACAAAAAATATCTACATTGATA",1
"BASO01005355.1 Arabidopsis halleri subsp. gemmifera DNA, contig: scaffold5355, whole genome shotgun sequence",63926,66089,2163,"*","AAT","CACTACAAGAAATATGGGTACTCTTA","CACTACAAGAAATATGGGTATTGATA",1
"BASO01011679.1 Arabidopsis halleri subsp. gemmifera DNA, contig: scaffold11679, whole genome shotgun sequence",28528,30955,2427,"*","TTT","CACTACAAGAAATATGGATATTGATA","CACTACAAGAAATATGGGCATTCTTA",1
"BASO01012361.1 Arabidopsis halleri subsp. gemmifera DNA, contig: scaffold12361, whole genome shotgun sequence",2323,5401,3078,"*","ATT","CACTACAAGAAATATGTATATTGATA","CACTACAAGAAATATGGATATTCTTA",1
"BASO01013079.1 Arabidopsis halleri subsp. gemmifera DNA, contig: scaffold13079, whole genome shotgun sequence",15129,17883,2754,"*","TCA","CACTACAAGAAATATCTACATTATTA","CACTACAAGAAATATCTACATTGATA",1
"BASO01015512.1 Arabidopsis halleri subsp. gemmifera DNA, contig: scaffold15512, whole genome shotgun sequence",12816,16142,3326,"*","AAT","CACTACAAGAAATATGAGCATTGATA","CACTACAAGAAATATGGGCATTCTTA",1
"BASO01000832.1 Arabidopsis halleri subsp. gemmifera DNA, contig: scaffold832, whole genome shotgun sequence",2505,5652,3147,"*","NNN","CACTACAAGAAATTTGAGCATTGATA","ACTACAAGAAATATCTACATTATTAG",2
"BASO01001334.1 Arabidopsis halleri subsp. gemmifera DNA, contig: scaffold1334, whole genome shotgun sequence",45637,48251,2614,"*","TTG","CACTACAAAAAATATGTTCATTGTTA","CACTACAAAAAAAATCTTCATTGATA",2
"BASO01001559.1 Arabidopsis halleri subsp. gemmifera DNA, contig: scaffold1559, whole genome shotgun sequence",91604,95068,3464,"*","GAA","CACTACAAGAAATATCCCCATTCTTA","CACTACAAGAAAAATGAACATTGATA",2
"BASO01002220.1 Arabidopsis halleri subsp. gemmifera DNA, contig: scaffold2220, whole genome shotgun sequence",40490,43037,2547,"*","TTA","CACTACAAGAAATATGGATATTGATA","CACTACAAGAAATATGGATATTCTTA",2
"BASO01002240.1 Arabidopsis halleri subsp. gemmifera DNA, contig: scaffold2240, whole genome shotgun sequence",8009,11170,3161,"*","TCT","CACTACAAGAAATTTGGTCATTGGTA","CACTACAAGAAATTCGGTCATTGGTA",2
"BASO01002628.1 Arabidopsis halleri subsp. gemmifera DNA, contig: scaffold2628, whole genome shotgun sequence",1585,3209,1624,"*","TAA","CACTACAAGAAATATCTACATTATTA","CACTACAAGAAATATCCACATTGATA",2
"BASO01003177.1 Arabidopsis halleri subsp. gemmifera DNA, contig: scaffold3177, whole genome shotgun sequence",15151,18433,3282,"*","TTT","CACTACAAGAAATATCTACATTGTTA","CACTACAAAAAATATCTACATTGATA",2
"BASO01005355.1 Arabidopsis halleri subsp. gemmifera DNA, contig: scaffold5355, whole genome shotgun sequence",63926,66089,2163,"*","AAT","CACTACAAGAAATATGGGTACTCTTA","CACTACAAGAAATATGGGTATTGATA",2
"BASO01006330.1 Arabidopsis halleri subsp. gemmifera DNA, contig: scaffold6330, whole genome shotgun sequence",9229,12417,3188,"*","GAA","CACTACAAGAAATATGGGCATTGATA","CACTATAATAAATATGGATATTCTTA",2
"BASO01006389.1 Arabidopsis halleri subsp. gemmifera DNA, contig: scaffold6389, whole genome shotgun sequence",563,2978,2415,"*","TCG","CACTATAAAAAATATGAGCATTGATA","CACTACAAGAAAAATGCTCATTCTTA",2
"BASO01007350.1 Arabidopsis halleri subsp. gemmifera DNA, contig: scaffold7350, whole genome shotgun sequence",5348,7990,2642,"*","CCT","CACTACAAGAATATTGGTTTTCCGTG","CACTACAAGAAATTGAAGTATTGATA",2
"BASO01007367.1 Arabidopsis halleri subsp. gemmifera DNA, contig: scaffold7367, whole genome shotgun sequence",12649,15219,2570,"*","TTG","CACTACAAAAAAAATCCACATTGATA","CACTACAAGAAATATGCACATTGTTA",2
"BASO01008959.1 Arabidopsis halleri subsp. gemmifera DNA, contig: scaffold8959, whole genome shotgun sequence",12999,15755,2756,"*","TAA","CAATACAAAAAATATTTTATAAAATT","CACTACAAAAAATATTATACATTCGG",2
"BASO01011679.1 Arabidopsis halleri subsp. gemmifera DNA, contig: scaffold11679, whole genome shotgun sequence",28528,30955,2427,"*","TTT","CACTACAAGAAATATGGATATTGATA","CACTACAAGAAATATGGGCATTCTTA",2
"BASO01012361.1 Arabidopsis halleri subsp. gemmifera DNA, contig: scaffold12361, whole genome shotgun sequence",2323,5401,3078,"*","ATT","CACTACAAGAAATATGTATATTGATA","CACTACAAGAAATATGGATATTCTTA",2
"BASO01013079.1 Arabidopsis halleri subsp. gemmifera DNA, contig: scaffold13079, whole genome shotgun sequence",15129,17883,2754,"*","TCA","CACTACAAGAAATATCTACATTATTA","CACTACAAGAAATATCTACATTGATA",2
"BASO01013446.1 Arabidopsis halleri subsp. gemmifera DNA, contig: scaffold13446, whole genome shotgun sequence",1795,4466,2671,"*","TTC","CACTACAAGAAAAATGGCTTTTCGTA","CACTACAAGAAATTAGGGTATTGATA",2
"BASO01014979.1 Arabidopsis halleri subsp. gemmifera DNA, contig: scaffold14979, whole genome shotgun sequence",2372,5337,2965,"*","ATA","CACTACAAGAAAAATGAGCATTAATA","CACTACAAGAAAAATCCACATTCTTA",2
"BASO01015512.1 Arabidopsis halleri subsp. gemmifera DNA, contig: scaffold15512, whole genome shotgun sequence",12816,16142,3326,"*","AAT","CACTACAAGAAATATGAGCATTGATA","CACTACAAGAAATATGGGCATTCTTA",2
"BASO01016755.1 Arabidopsis halleri subsp. gemmifera DNA, contig: scaffold16755, whole genome shotgun sequence",74,3022,2948,"*","AAG","CATTACAAGAAATATCTACATTGATA","CACTACAAGAAATATCCACATTGATA",2
"BASO01002220.1 Arabidopsis halleri subsp. gemmifera DNA, contig: scaffold2220, whole genome shotgun sequence",40490,43037,2547,"*","TTA","CACTACAAGAAATATGGATATTGATA","CACTACAAGAAATATGGATATTCTTA",3
"BASO01002628.1 Arabidopsis halleri subsp. gemmifera DNA, contig: scaffold2628, whole genome shotgun sequence",1585,3209,1624,"*","TAA","CACTACAAGAAATATCTACATTATTA","CACTACAAGAAATATCCACATTGATA",3
"BASO01003177.1 Arabidopsis halleri subsp. gemmifera DNA, contig: scaffold3177, whole genome shotgun sequence",15151,18433,3282,"*","TTT","CACTACAAGAAATATCTACATTGTTA","CACTACAAAAAATATCTACATTGATA",3
"BASO01005355.1 Arabidopsis halleri subsp. gemmifera DNA, contig: scaffold5355, whole genome shotgun sequence",63926,66089,2163,"*","AAT","CACTACAAGAAATATGGGTACTCTTA","CACTACAAGAAATATGGGTATTGATA",3
"BASO01011679.1 Arabidopsis halleri subsp. gemmifera DNA, contig: scaffold11679, whole genome shotgun sequence",28528,30955,2427,"*","TTT","CACTACAAGAAATATGGATATTGATA","CACTACAAGAAATATGGGCATTCTTA",3
"BASO01012361.1 Arabidopsis halleri subsp. gemmifera DNA, contig: scaffold12361, whole genome shotgun sequence",2323,5401,3078,"*","ATT","CACTACAAGAAATATGTATATTGATA","CACTACAAGAAATATGGATATTCTTA",3
"BASO01013079.1 Arabidopsis halleri subsp. gemmifera DNA, contig: scaffold13079, whole genome shotgun sequence",15129,17883,2754,"*","TCA","CACTACAAGAAATATCTACATTATTA","CACTACAAGAAATATCTACATTGATA",3
"BASO01015512.1 Arabidopsis halleri subsp. gemmifera DNA, contig: scaffold15512, whole genome shotgun sequence",12816,16142,3326,"*","AAT","CACTACAAGAAATATGAGCATTGATA","CACTACAAGAAATATGGGCATTCTTA",3
"BASO01000684.1 Arabidopsis halleri subsp. gemmifera DNA, contig: scaffold684, whole genome shotgun sequence",2670,3513,843,"*","CAA","CACTACAAAAAAAAAGAGCCAGTTGC","CACTACAACAAAAAAGGTGTTTTGCA",4
"BASO01000820.1 Arabidopsis halleri subsp. gemmifera DNA, contig: scaffold820, whole genome shotgun sequence",5458,6208,750,"*","ATG","CACTACAAAAAAAGTGTGTATTGATA","CACTACAAGAAAAATGCACATTCTTA",4
"BASO01000915.1 Arabidopsis halleri subsp. gemmifera DNA, contig: scaffold915, whole genome shotgun sequence",22781,23334,553,"*","TTT","CACTACAAGAAAAACGCTTGAACACG","CACTACAAAAAACACGGCATGTAGCG",4
"BASO01000920.1 Arabidopsis halleri subsp. gemmifera DNA, contig: scaffold920, whole genome shotgun sequence",1166,3500,2334,"*","AAC","CACTACAAGAAAACAGCTTAGAACTG","CACTACAAGAAAACACAGCAACTCCT",4
"BASO01001334.1 Arabidopsis halleri subsp. gemmifera DNA, contig: scaffold1334, whole genome shotgun sequence",45637,48251,2614,"*","TTG","CACTACAAAAAATATGTTCATTGTTA","CACTACAAAAAAAATCTTCATTGATA",4
"BASO01001559.1 Arabidopsis halleri subsp. gemmifera DNA, contig: scaffold1559, whole genome shotgun sequence",91604,95068,3464,"*","GAA","CACTACAAGAAATATCCCCATTCTTA","CACTACAAGAAAAATGAACATTGATA",4
"BASO01001946.1 Arabidopsis halleri subsp. gemmifera DNA, contig: scaffold1946, whole genome shotgun sequence",38711,39257,546,"*","AAC","CACTACAAAAAAGTCTTCATTAATAG","CACTACAAGAAATCTGTTTATCATTA",4
"BASO01002009.1 Arabidopsis halleri subsp. gemmifera DNA, contig: scaffold2009, whole genome shotgun sequence",16806,19153,2347,"*","TCA","CACTACAAAAAATTGACTATAATGTA","CACTACAAAAAAAAAGATAATTTTGT",4
"BASO01002220.1 Arabidopsis halleri subsp. gemmifera DNA, contig: scaffold2220, whole genome shotgun sequence",40490,43037,2547,"*","TTA","CACTACAAGAAATATGGATATTGATA","CACTACAAGAAATATGGATATTCTTA",4
"BASO01002240.1 Arabidopsis halleri subsp. gemmifera DNA, contig: scaffold2240, whole genome shotgun sequence",8009,11170,3161,"*","TCT","CACTACAAGAAATTTGGTCATTGGTA","CACTACAAGAAATTCGGTCATTGGTA",4
"BASO01002527.1 Arabidopsis halleri subsp. gemmifera DNA, contig: scaffold2527, whole genome shotgun sequence",2157,3117,960,"*","CAT","CACTACAAGAAAACATGTGATATTCC","CACTACAAGAAAAAAGCTTNNNNNNN",4
"BASO01002628.1 Arabidopsis halleri subsp. gemmifera DNA, contig: scaffold2628, whole genome shotgun sequence",1585,3209,1624,"*","TAA","CACTACAAGAAATATCTACATTATTA","CACTACAAGAAATATCCACATTGATA",4
"BASO01003177.1 Arabidopsis halleri subsp. gemmifera DNA, contig: scaffold3177, whole genome shotgun sequence",15151,18433,3282,"*","TTT","CACTACAAGAAATATCTACATTGTTA","CACTACAAAAAATATCTACATTGATA",4
"BASO01003712.1 Arabidopsis halleri subsp. gemmifera DNA, contig: scaffold3712, whole genome shotgun sequence",18052,19257,1205,"*","TTA","CACTACAAAAAAAAGAGTGTATTGCA","CACTACAAAAAAAAGATCATTTTATA",4
"BASO01005355.1 Arabidopsis halleri subsp. gemmifera DNA, contig: scaffold5355, whole genome shotgun sequence",63926,66089,2163,"*","AAT","CACTACAAGAAATATGGGTACTCTTA","CACTACAAGAAATATGGGTATTGATA",4
"BASO01006343.1 Arabidopsis halleri subsp. gemmifera DNA, contig: scaffold6343, whole genome shotgun sequence",1433,4599,3166,"*","ATA","CACTACAAGAAAACAATCAATTTGCT","CACTACAAGAAAACACGCGTTTTGCG",4
"BASO01006793.1 Arabidopsis halleri subsp. gemmifera DNA, contig: scaffold6793, whole genome shotgun sequence",6470,7572,1102,"*","TGA","CACTACAAAAAAGAAGGGATTTAAAG","CACTACAAGAAACAAGGGATTTAAAG",4
"BASO01007362.1 Arabidopsis halleri subsp. gemmifera DNA, contig: scaffold7362, whole genome shotgun sequence",21365,23165,1800,"*","TCA","CACTACAAAAAAAAGGTTGAATTGAA","CACTACAAAAAAATGATCATTTTATA",4
"BASO01007367.1 Arabidopsis halleri subsp. gemmifera DNA, contig: scaffold7367, whole genome shotgun sequence",12649,15219,2570,"*","TTG","CACTACAAAAAAAATCCACATTGATA","CACTACAAGAAATATGCACATTGTTA",4
"BASO01008273.1 Arabidopsis halleri subsp. gemmifera DNA, contig: scaffold8273, whole genome shotgun sequence",12142,14095,1953,"*","ATT","CACTACAAGAAAACATAGCCATTTCC","CACTACAAGAAAATATCACAATTTCC",4
"BASO01008862.1 Arabidopsis halleri subsp. gemmifera DNA, contig: scaffold8862, whole genome shotgun sequence",411,2850,2439,"*","ACG","CACTACAAAAAAAAGGATGGATTACA","CACTACAAAAAAAAGATCATTTAGCA",4
"BASO01009271.1 Arabidopsis halleri subsp. gemmifera DNA, contig: scaffold9271, whole genome shotgun sequence",2021,5363,3342,"*","TCA","CACTACAAAAAAAGTGTGCATCGATA","CACTACAAGAAATATGTCCATTGTTA",4
"BASO01010416.1 Arabidopsis halleri subsp. gemmifera DNA, contig: scaffold10416, whole genome shotgun sequence",2090,2929,839,"*","GTT","CACTACAAAAAAAAGTGTGCATTGAT","CACTACAAAAAATTTGTTCATTCATA",4
"BASO01011679.1 Arabidopsis halleri subsp. gemmifera DNA, contig: scaffold11679, whole genome shotgun sequence",28528,30955,2427,"*","TTT","CACTACAAGAAATATGGATATTGATA","CACTACAAGAAATATGGGCATTCTTA",4
"BASO01011807.1 Arabidopsis halleri subsp. gemmifera DNA, contig: scaffold11807, whole genome shotgun sequence",25115,26901,1786,"*","AAT","CACTACAAGAAAACACTCGATTTGCG","CACTACAAGAAAACATGCGATTTGCG",4
"BASO01012116.1 Arabidopsis halleri subsp. gemmifera DNA, contig: scaffold12116, whole genome shotgun sequence",931,1288,357,"*","TAT","CACTACAAAAAGAACGCTTGTTAACG","CACTACAAGAAACATGCTCGGAGACG",4
"BASO01012361.1 Arabidopsis halleri subsp. gemmifera DNA, contig: scaffold12361, whole genome shotgun sequence",2323,5401,3078,"*","ATT","CACTACAAGAAATATGTATATTGATA","CACTACAAGAAATATGGATATTCTTA",4
"BASO01013079.1 Arabidopsis halleri subsp. gemmifera DNA, contig: scaffold13079, whole genome shotgun sequence",15129,17883,2754,"*","TCA","CACTACAAGAAATATCTACATTATTA","CACTACAAGAAATATCTACATTGATA",4
"BASO01013416.1 Arabidopsis halleri subsp. gemmifera DNA, contig: scaffold13416, whole genome shotgun sequence",13845,16792,2947,"*","TAT","CACTACAAGAAAACACGCGTTTTGCG","CACTACAAGAAAATACTCGATTTGCG",4
"BASO01013446.1 Arabidopsis halleri subsp. gemmifera DNA, contig: scaffold13446, whole genome shotgun sequence",1795,4466,2671,"*","TTC","CACTACAAGAAAAATGGCTTTTCGTA","CACTACAAGAAATTAGGGTATTGATA",4
"BASO01014855.1 Arabidopsis halleri subsp. gemmifera DNA, contig: scaffold14855, whole genome shotgun sequence",414,3549,3135,"*","TCA","CACTACAAAAAAAGTGAGCATTGATA","CACTACAAGAAATATGTTCATTGTTA",4
"BASO01014979.1 Arabidopsis halleri subsp. gemmifera DNA, contig: scaffold14979, whole genome shotgun sequence",2372,5337,2965,"*","ATA","CACTACAAGAAAAATGAGCATTAATA","CACTACAAGAAAAATCCACATTCTTA",4
"BASO01015077.1 Arabidopsis halleri subsp. gemmifera DNA, contig: scaffold15077, whole genome shotgun sequence",4498,5755,1257,"*","AGA","CACTACAAAAAAAGATCATTTTATAT","CACTACAAAAAAAAGGNNNNNNNNNN",4
"BASO01015233.1 Arabidopsis halleri subsp. gemmifera DNA, contig: scaffold15233, whole genome shotgun sequence",1912,4669,2757,"*","AAA","CACTACAAGAAATGCAGCGTTTTCCT","CACTACAAGAAAACATAGGTTTTTTC",4
"BASO01015475.1 Arabidopsis halleri subsp. gemmifera DNA, contig: scaffold15475, whole genome shotgun sequence",11381,12222,841,"*","TAG","CACTACAACAAAAAAAGGTGTTTTGC","CACTACAAAAAAAAGAGCATGTTGCA",4
"BASO01015512.1 Arabidopsis halleri subsp. gemmifera DNA, contig: scaffold15512, whole genome shotgun sequence",12816,16142,3326,"*","AAT","CACTACAAGAAATATGAGCATTGATA","CACTACAAGAAATATGGGCATTCTTA",4
"BASO01015535.1 Arabidopsis halleri subsp. gemmifera DNA, contig: scaffold15535, whole genome shotgun sequence",3855,6375,2520,"*","TGT","CACTACAAGAAATATCAACATTCTTA","CACTACAAAAAAAAGTCTACATTCAT",4
"BASO01015967.1 Arabidopsis halleri subsp. gemmifera DNA, contig: scaffold15967, whole genome shotgun sequence",17444,17834,390,"*","CAT","CACTACAAAAAACACTCTGGATAACG","CACTACAAAAAAAACGGCAGGTCACG",4
"BASO01016210.1 Arabidopsis halleri subsp. gemmifera DNA, contig: scaffold16210, whole genome shotgun sequence",592,3435,2843,"*","ATT","CACTACAAGAAATATGGGCATTCTTA","CACTACAAAAAAAAATGCTTATTGAT",4
"BASO01016435.1 Arabidopsis halleri subsp. gemmifera DNA, contig: scaffold16435, whole genome shotgun sequence",1926,4161,2235,"*","CCA","CACTACAAGAAAAGAGTGATATTGCA","CACTACAAGAAAATAGTGATATTGCA",4
"BASO01016747.1 Arabidopsis halleri subsp. gemmifera DNA, contig: scaffold16747, whole genome shotgun sequence",74,2677,2603,"*","AGA","CACTACAAGAAAATAGTGATATTACA","CACTACAATAAAACAGTGTTATTGCA",4
"BASO01018249.1 Arabidopsis halleri subsp. gemmifera DNA, contig: scaffold18249, whole genome shotgun sequence",3938,5962,2024,"*","GTA","CACTACAAGAAAACAATCAATTTGCT","CACTACAAGAAAACAGTCGATTTGCT",4
"BASO01000123.1 Arabidopsis halleri subsp. gemmifera DNA, contig: scaffold123, whole genome shotgun sequence",37080,38071,991,"*","ATG","CACTACAATCATAGAAGAATTTGTAT","CACTACAAGAAATATGTACATTGTTA",5
"BASO01000684.1 Arabidopsis halleri subsp. gemmifera DNA, contig: scaffold684, whole genome shotgun sequence",2670,3513,843,"*","CAA","CACTACAAAAAAAAAGAGCCAGTTGC","CACTACAACAAAAAAGGTGTTTTGCA",5
"BASO01000820.1 Arabidopsis halleri subsp. gemmifera DNA, contig: scaffold820, whole genome shotgun sequence",5458,6208,750,"*","ATG","CACTACAAAAAAAGTGTGTATTGATA","CACTACAAGAAAAATGCACATTCTTA",5
"BASO01000915.1 Arabidopsis halleri subsp. gemmifera DNA, contig: scaffold915, whole genome shotgun sequence",22781,23334,553,"*","TTT","CACTACAAGAAAAACGCTTGAACACG","CACTACAAAAAACACGGCATGTAGCG",5
"BASO01000920.1 Arabidopsis halleri subsp. gemmifera DNA, contig: scaffold920, whole genome shotgun sequence",1166,3500,2334,"*","AAC","CACTACAAGAAAACAGCTTAGAACTG","CACTACAAGAAAACACAGCAACTCCT",5
"BASO01001334.1 Arabidopsis halleri subsp. gemmifera DNA, contig: scaffold1334, whole genome shotgun sequence",45637,48251,2614,"*","TTG","CACTACAAAAAATATGTTCATTGTTA","CACTACAAAAAAAATCTTCATTGATA",5
"BASO01001559.1 Arabidopsis halleri subsp. gemmifera DNA, contig: scaffold1559, whole genome shotgun sequence",91604,95068,3464,"*","GAA","CACTACAAGAAATATCCCCATTCTTA","CACTACAAGAAAAATGAACATTGATA",5
"BASO01001946.1 Arabidopsis halleri subsp. gemmifera DNA, contig: scaffold1946, whole genome shotgun sequence",38711,39257,546,"*","AAC","CACTACAAAAAAGTCTTCATTAATAG","CACTACAAGAAATCTGTTTATCATTA",5
"BASO01002009.1 Arabidopsis halleri subsp. gemmifera DNA, contig: scaffold2009, whole genome shotgun sequence",16806,19153,2347,"*","TCA","CACTACAAAAAATTGACTATAATGTA","CACTACAAAAAAAAAGATAATTTTGT",5
"BASO01002220.1 Arabidopsis halleri subsp. gemmifera DNA, contig: scaffold2220, whole genome shotgun sequence",40490,43037,2547,"*","TTA","CACTACAAGAAATATGGATATTGATA","CACTACAAGAAATATGGATATTCTTA",5
"BASO01002240.1 Arabidopsis halleri subsp. gemmifera DNA, contig: scaffold2240, whole genome shotgun sequence",8009,11170,3161,"*","TCT","CACTACAAGAAATTTGGTCATTGGTA","CACTACAAGAAATTCGGTCATTGGTA",5
"BASO01002527.1 Arabidopsis halleri subsp. gemmifera DNA, contig: scaffold2527, whole genome shotgun sequence",2157,3117,960,"*","CAT","CACTACAAGAAAACATGTGATATTCC","CACTACAAGAAAAAAGCTTNNNNNNN",5
"BASO01002603.1 Arabidopsis halleri subsp. gemmifera DNA, contig: scaffold2603, whole genome shotgun sequence",19920,22514,2594,"*","TAT","CACTACAAAATAAAAAGATGTTGATG","CACTACAAAAAACGTTTGGTGACGTT",5
"BASO01002628.1 Arabidopsis halleri subsp. gemmifera DNA, contig: scaffold2628, whole genome shotgun sequence",1585,3209,1624,"*","TAA","CACTACAAGAAATATCTACATTATTA","CACTACAAGAAATATCCACATTGATA",5
"BASO01003177.1 Arabidopsis halleri subsp. gemmifera DNA, contig: scaffold3177, whole genome shotgun sequence",15151,18433,3282,"*","TTT","CACTACAAGAAATATCTACATTGTTA","CACTACAAAAAATATCTACATTGATA",5
"BASO01003712.1 Arabidopsis halleri subsp. gemmifera DNA, contig: scaffold3712, whole genome shotgun sequence",18052,19257,1205,"*","TTA","CACTACAAAAAAAAGAGTGTATTGCA","CACTACAAAAAAAAGATCATTTTATA",5
"BASO01004732.1 Arabidopsis halleri subsp. gemmifera DNA, contig: scaffold4732, whole genome shotgun sequence",6652,7817,1165,"*","CTA","CACTACAAGTACAGTGAAATTGACAT","CACTACAACTTCTTCTAATGTAAAGT",5
"BASO01005355.1 Arabidopsis halleri subsp. gemmifera DNA, contig: scaffold5355, whole genome shotgun sequence",63926,66089,2163,"*","AAT","CACTACAAGAAATATGGGTACTCTTA","CACTACAAGAAATATGGGTATTGATA",5
"BASO01006332.1 Arabidopsis halleri subsp. gemmifera DNA, contig: scaffold6332, whole genome shotgun sequence",5424,5762,338,"*","CCC","CACTACAAGATAAACGCTTGTACACG","CACTACAAAAAACGCGGCGCTTAACG",5
"BASO01006343.1 Arabidopsis halleri subsp. gemmifera DNA, contig: scaffold6343, whole genome shotgun sequence",1433,4599,3166,"*","ATA","CACTACAAGAAAACAATCAATTTGCT","CACTACAAGAAAACACGCGTTTTGCG",5
"BASO01006793.1 Arabidopsis halleri subsp. gemmifera DNA, contig: scaffold6793, whole genome shotgun sequence",6470,7572,1102,"*","TGA","CACTACAAAAAAGAAGGGATTTAAAG","CACTACAAGAAACAAGGGATTTAAAG",5
"BASO01007350.1 Arabidopsis halleri subsp. gemmifera DNA, contig: scaffold7350, whole genome shotgun sequence",5348,7990,2642,"*","CCT","CACTACAAGAATATTGGTTTTCCGTG","CACTACAAGAAATTGAAGTATTGATA",5
"BASO01007362.1 Arabidopsis halleri subsp. gemmifera DNA, contig: scaffold7362, whole genome shotgun sequence",21365,23165,1800,"*","TCA","CACTACAAAAAAAAGGTTGAATTGAA","CACTACAAAAAAATGATCATTTTATA",5
"BASO01007367.1 Arabidopsis halleri subsp. gemmifera DNA, contig: scaffold7367, whole genome shotgun sequence",12649,15219,2570,"*","TTG","CACTACAAAAAAAATCCACATTGATA","CACTACAAGAAATATGCACATTGTTA",5
"BASO01008273.1 Arabidopsis halleri subsp. gemmifera DNA, contig: scaffold8273, whole genome shotgun sequence",12142,14095,1953,"*","ATT","CACTACAAGAAAACATAGCCATTTCC","CACTACAAGAAAATATCACAATTTCC",5
"BASO01008862.1 Arabidopsis halleri subsp. gemmifera DNA, contig: scaffold8862, whole genome shotgun sequence",411,2850,2439,"*","ACG","CACTACAAAAAAAAGGATGGATTACA","CACTACAAAAAAAAGATCATTTAGCA",5
"BASO01009271.1 Arabidopsis halleri subsp. gemmifera DNA, contig: scaffold9271, whole genome shotgun sequence",2021,5363,3342,"*","TCA","CACTACAAAAAAAGTGTGCATCGATA","CACTACAAGAAATATGTCCATTGTTA",5
"BASO01009565.1 Arabidopsis halleri subsp. gemmifera DNA, contig: scaffold9565, whole genome shotgun sequence",4729,5295,566,"*","AGT","CACTACAACTCGACGCTGCTCCGTAG","CACTACAACAACAATGCATTGTCTTC",5
"BASO01010190.1 Arabidopsis halleri subsp. gemmifera DNA, contig: scaffold10190, whole genome shotgun sequence",32587,35663,3076,"*","ATA","CACTACAAGAAATTAGGGTATTGATA","CACTACAAANNNNNNNNNNNNNNNNN",5
"BASO01010416.1 Arabidopsis halleri subsp. gemmifera DNA, contig: scaffold10416, whole genome shotgun sequence",2090,2929,839,"*","GTT","CACTACAAAAAAAAGTGTGCATTGAT","CACTACAAAAAATTTGTTCATTCATA",5
"BASO01011561.1 Arabidopsis halleri subsp. gemmifera DNA, contig: scaffold11561, whole genome shotgun sequence",23170,25635,2465,"*","TGT","CACTACAAGAAAGTAAAGTATTGATA","CACTACAAGAATATTGTTCTTTCGTA",5
"BASO01011679.1 Arabidopsis halleri subsp. gemmifera DNA, contig: scaffold11679, whole genome shotgun sequence",28528,30955,2427,"*","TTT","CACTACAAGAAATATGGATATTGATA","CACTACAAGAAATATGGGCATTCTTA",5
"BASO01011807.1 Arabidopsis halleri subsp. gemmifera DNA, contig: scaffold11807, whole genome shotgun sequence",25115,26901,1786,"*","AAT","CACTACAAGAAAACACTCGATTTGCG","CACTACAAGAAAACATGCGATTTGCG",5
"BASO01012116.1 Arabidopsis halleri subsp. gemmifera DNA, contig: scaffold12116, whole genome shotgun sequence",931,1288,357,"*","TAT","CACTACAAAAAGAACGCTTGTTAACG","CACTACAAGAAACATGCTCGGAGACG",5
"BASO01012361.1 Arabidopsis halleri subsp. gemmifera DNA, contig: scaffold12361, whole genome shotgun sequence",2323,5401,3078,"*","ATT","CACTACAAGAAATATGTATATTGATA","CACTACAAGAAATATGGATATTCTTA",5
"BASO01013079.1 Arabidopsis halleri subsp. gemmifera DNA, contig: scaffold13079, whole genome shotgun sequence",15129,17883,2754,"*","TCA","CACTACAAGAAATATCTACATTATTA","CACTACAAGAAATATCTACATTGATA",5
"BASO01013416.1 Arabidopsis halleri subsp. gemmifera DNA, contig: scaffold13416, whole genome shotgun sequence",13845,16792,2947,"*","TAT","CACTACAAGAAAACACGCGTTTTGCG","CACTACAAGAAAATACTCGATTTGCG",5
"BASO01013446.1 Arabidopsis halleri subsp. gemmifera DNA, contig: scaffold13446, whole genome shotgun sequence",1795,4466,2671,"*","TTC","CACTACAAGAAAAATGGCTTTTCGTA","CACTACAAGAAATTAGGGTATTGATA",5
"BASO01014855.1 Arabidopsis halleri subsp. gemmifera DNA, contig: scaffold14855, whole genome shotgun sequence",414,3549,3135,"*","TCA","CACTACAAAAAAAGTGAGCATTGATA","CACTACAAGAAATATGTTCATTGTTA",5
"BASO01014979.1 Arabidopsis halleri subsp. gemmifera DNA, contig: scaffold14979, whole genome shotgun sequence",2372,5337,2965,"*","ATA","CACTACAAGAAAAATGAGCATTAATA","CACTACAAGAAAAATCCACATTCTTA",5
"BASO01015077.1 Arabidopsis halleri subsp. gemmifera DNA, contig: scaffold15077, whole genome shotgun sequence",4498,5755,1257,"*","AGA","CACTACAAAAAAAGATCATTTTATAT","CACTACAAAAAAAAGGNNNNNNNNNN",5
"BASO01015233.1 Arabidopsis halleri subsp. gemmifera DNA, contig: scaffold15233, whole genome shotgun sequence",1912,4669,2757,"*","AAA","CACTACAAGAAATGCAGCGTTTTCCT","CACTACAAGAAAACATAGGTTTTTTC",5
"BASO01015475.1 Arabidopsis halleri subsp. gemmifera DNA, contig: scaffold15475, whole genome shotgun sequence",11381,12222,841,"*","TAG","CACTACAACAAAAAAAGGTGTTTTGC","CACTACAAAAAAAAGAGCATGTTGCA",5
"BASO01015512.1 Arabidopsis halleri subsp. gemmifera DNA, contig: scaffold15512, whole genome shotgun sequence",12816,16142,3326,"*","AAT","CACTACAAGAAATATGAGCATTGATA","CACTACAAGAAATATGGGCATTCTTA",5
"BASO01015535.1 Arabidopsis halleri subsp. gemmifera DNA, contig: scaffold15535, whole genome shotgun sequence",3855,6375,2520,"*","TGT","CACTACAAGAAATATCAACATTCTTA","CACTACAAAAAAAAGTCTACATTCAT",5
"BASO01015866.1 Arabidopsis halleri subsp. gemmifera DNA, contig: scaffold15866, whole genome shotgun sequence",8589,10659,2070,"*","CCG","CACTACAACGTACACGGGTGTTAACG","CACTACAAGATAAAAAAAAGGAAGGG",5
"BASO01015967.1 Arabidopsis halleri subsp. gemmifera DNA, contig: scaffold15967, whole genome shotgun sequence",17444,17834,390,"*","CAT","CACTACAAAAAACACTCTGGATAACG","CACTACAAAAAAAACGGCAGGTCACG",5
"BASO01016210.1 Arabidopsis halleri subsp. gemmifera DNA, contig: scaffold16210, whole genome shotgun sequence",592,3435,2843,"*","ATT","CACTACAAGAAATATGGGCATTCTTA","CACTACAAAAAAAAATGCTTATTGAT",5
"BASO01016435.1 Arabidopsis halleri subsp. gemmifera DNA, contig: scaffold16435, whole genome shotgun sequence",1926,4161,2235,"*","CCA","CACTACAAGAAAAGAGTGATATTGCA","CACTACAAGAAAATAGTGATATTGCA",5
"BASO01016747.1 Arabidopsis halleri subsp. gemmifera DNA, contig: scaffold16747, whole genome shotgun sequence",74,2677,2603,"*","AGA","CACTACAAGAAAATAGTGATATTACA","CACTACAATAAAACAGTGTTATTGCA",5
"BASO01018249.1 Arabidopsis halleri subsp. gemmifera DNA, contig: scaffold18249, whole genome shotgun sequence",3938,5962,2024,"*","GTA","CACTACAAGAAAACAATCAATTTGCT","CACTACAAGAAAACAGTCGATTTGCT",5
