"","name","length","integrity","orientation","TSD","Chr","start","end","forwardTIR","reverseTIR","identified","forwardTIR_Identified","reverseTIR_Identified"
"1","Pack-CACTA1a","2,163","complete","reverse","CAC","NC_003075.7 Arabidopsis thaliana chromosome 4 sequence",4358131,4360293,"CACTACAACAAATATCCACATTCTTA","CACTACAACAAATATCCACATTAATA",TRUE,TRUE,TRUE
"2","Pack-CACTA1b","2,266","complete","reverse","TAT","NC_003074.8 Arabidopsis thaliana chromosome 3 sequence",14082296,14084561,"CACTACAACAAATATCCACATTCTTA","CACTACAACAAATATCCACATTAATA",TRUE,TRUE,TRUE
"3","Pack-CACTA1c","1,444","complete","forward","ATA","NC_003071.7 Arabidopsis thaliana chromosome 2 sequence",4646009,4647452,"CACTACAAAAAAAGTCTACATTGATA","CACTACAAGAAATATTGACATTGTTA",FALSE,FALSE,TRUE
"4","Pack-CACTA1d","1,005","partial","reverse","CAT","NC_003074.8 Arabidopsis thaliana chromosome 3 sequence",11693095,11694099,"TCACAATACAGTCGCATATTTACGAC","CACTACAAGAAATATGAGTATTGATA",FALSE,FALSE,TRUE
"5","Pack-CACTA1e","1,004","partial","reverse","GCA","NC_003074.8 Arabidopsis thaliana chromosome 3 sequence",15737614,15738617,"CACTACAAGAAATATCTACATTATTA","GATGATGGATACAAGCAATGGTCTTG",FALSE,TRUE,FALSE
"6","Pack-CACTA2a","2,945","insertion","reverse","TGG","NC_003074.8 Arabidopsis thaliana chromosome 3 sequence",15283666,15286610,"CACTACAAGAAATATCCACATTGTTA","CACTACAAGAAATATCTACATTGATA",FALSE,TRUE,TRUE
"7","Pack-CACTA2b","486","complete","forward","AAT","NC_003076.8 Arabidopsis thaliana chromosome 5 sequence",12732066,12732551,"CACTAGAAATCTATATTTTCTGTTAT","CACTACAAAAAATATCTACATTATTA",FALSE,FALSE,TRUE
"8","Pack-CACTA3","2,583","complete","forward","AAT","NC_003075.7 Arabidopsis thaliana chromosome 4 sequence",4309698,4312280,"CACTACAAGAAATATGAACATTATTA","CACTACAAAAAATATGGACGCTCTTA",TRUE,TRUE,TRUE
"9","Pack-CACTA4a","2,475","complete","forward","TTA","NC_003076.8 Arabidopsis thaliana chromosome 5 sequence",20579974,20582448,"CACTACAAGAAATATGGATATTGATA","CACTACAAGAAATATGGACATTCTTA",TRUE,TRUE,TRUE
"10","Pack-CACTA4b","2,475","complete","forward","TTA","NC_003076.8 Arabidopsis thaliana chromosome 5 sequence",20613316,20615790,"CACTACAAGAAATATGGATATTGATA","CACTACAAGAAATATGGACATTCTTA",TRUE,TRUE,TRUE
